Product,N,P,K,Ca,Mg,S,Fe,Cu,Mn,B,Zn,Weight in lbs,Cost / Bag,Cost / 1 lb N,SGN,Product Link,Label,Sources,Urea Nitrogen,Ammoniacal Nitrogen,Water Insoluble Nitrogen,Other water Soluble,Slowly Available From
19-19-19,19.00%,19.00%,19.00%,0.00%,0.00%,0.00%,0.00%,0.00%,0.00%,0.00%,0.00%,50,$59.99 ,$6.31 ,,,,,,,,,
Lesco Starter 18-24-12,10.00%,18.00%,10.00%,0.00%,0.00%,1.40%,0.00%,0.00%,0.00%,0.00%,0.00%,50,$59.99 ,$12.00 ,,,,,,,,,
Calcitic Lime,0.00%,0.50%,0.00%,35.00%,2.00%,0.00%,0.00%,0.00%,0.00%,0.00%,0.00%,50,$59.99 ,,,,,,,,,,
Lesco 20-20-20 Soluble,20.00%,20.00%,20.00%,21.00%,11.00%,0.00%,0.10%,0.05%,0.00%,0.02%,0.00%,50,$59.99 ,$6.00 ,,,,,,,,,
Gypsum,0.00%,0.00%,0.00%,20.00%,0.00%,16.00%,0.00%,0.00%,0.00%,0.00%,0.00%,50,$59.99 ,,,,,,,,,,
Tiger Sul,0.00%,0.00%,0.00%,0.00%,0.00%,90.00%,0.00%,0.00%,0.00%,0.00%,0.00%,50,$50.00 ,,,,,,,,,,
XGRN 8-1-8,10.00%,0.00%,20.00%,1.00%,0.00%,0.00%,4.00%,0.00%,0.00%,0.00%,0.00%,50,$59.99 ,$12.00 ,,,,,,,,,
Lesco 14-2-14,14.00%,2.00%,14.00%,0.00%,0.00%,10.00%,2.40%,0.00%,2.00%,0.00%,0.00%,50,$59.99 ,$8.57 ,,,,,,,,,
Lesco 14-14-14,14.00%,14.00%,14.00%,0.00%,0.00%,4.69%,0.45%,0.00%,0.45%,0.00%,0.00%,50,$59.99 ,$8.57 ,,,,,,,,,
Test,10.00%,2.00%,5.00%,0.00%,0.00%,17.00%,0.00%,0.00%,0.00%,0.00%,0.00%,40,$59.99 ,$15.00 ,,,,,,,,,
EC Grow - 18-0-18 33%Nutralene 33%Amsul SOP Micro - SGN90 - 50 LB BAG,18.00%,0.00%,18.00%,0.00%,0.00%,12.80%,0.13%,0.06%,0.06%,0.03%,0.06%,50,$54.56 ,$6.06 ,90,https://www.reinders.com/products/545-9110/,https://assetcloud01.roccommerce.net/files/_reinders/10/7/4/545-9110-label.pdf,"Urea, Ammonium Sulfate, Methylene Urea, Sulfate of Potash, Sodium Borate, Copper Oxide, Copper Sulfate, Iron Oxide, Iron Sulfate, Manganese Oxide, Maganese Sulfate, Zinc Oxide and Zinc sulfate. Sulfur from SOP AMS",7.1,5.9,5.9,3.1*,*Methylene Ureas
EC Grow - 17-0-17 65%Nutralene - SOP Micros - SGN90 - 50 LB BAG,17.00%,0.00%,17.00%,0.00%,0.00%,5.70%,0.13%,0.06%,0.06%,0.03%,0.06%,50,$56.54 ,$6.65 ,90,https://www.reinders.com/products/370-9020/,https://assetcloud01.roccommerce.net/files/_reinders/2/10/5/370-9020-label.pdf,"Urea, Methylene Urea, Sulfate of Potash, Sodium Borate, Copper Oxide, Copper Sulfate, Iron Oxide, Iron Sulfate, Manganese Oxide, Manganese Sulfate, Zinc Oxide and Zinc Sulfate. Sulfur from SOP",7.8,0,0,5.8*,*Methylene Ureas
EC Grow - 18-3-18 50%MU MAP SOP Micros - SGN90 - 50 LB BAG,18.00%,3.00%,18.00%,0.00%,0.00%,6.00%,0.13%,0.06%,0.06%,0.03%,0.06%,50,$56.54 ,$6.28 ,90,https://www.reinders.com/products/545-9030/,https://assetcloud01.roccommerce.net/files/_reinders/3/9/7/545-9030-label.pdf,"Urea, Methylene Urea, Monoammonium Phosphate, Sulfate of Potash, Sodium Borate, Copper Oxide, Copper Sulfate, Iron Oxide, Iron Sulfate, Manganese Oxide, Manganese Sulfate, Zinc Oxide, and Zinc Sulfate. Sulfur from sulfate of potash.",9.8,0.7,0.7,4.7,*7.5% Methylene Ureas
EC Grow - 23-0-8 70%RXN 30%AMS SOP - SGN 150 - 50 LB BAG,23.00%,0.00%,8.00%,0.00%,0.00%,0.00%,0.00%,0.00%,0.00%,0.00%,0.00%,50,$35.97 ,$3.13 ,150,https://www.reinders.com/products/rp23-0-8/,https://assetcloud01.roccommerce.net/files/_reinders/1/6/9/rp23-0-8-label.pdf,"Urea, Ammonium Sulfate and Sulfate of Potash",16,7,7,,
Reinders - 22-0-14 100%STN - SOP DDP FE Mini - 50 LB BAG,22.00%,0.00%,14.00%,0.00%,0.00%,0.00%,0.00%,0.00%,0.00%,0.00%,0.00%,50,$43.45 ,$3.95 ,,https://www.reinders.com/products/370-6180/,https://assetcloud01.roccommerce.net/files/_reinders/1/5/9/370-6180-label.pdf,"Urea, Sulfate of Potash",22,,,,
EC Grow - 18-4-18 33%Nutralene 33%Amaul SOP Micro - SGN90 - 50 LB BAG,18.00%,4.00%,18.00%,0.00%,0.00%,0.00%,0.13%,0.06%,0.06%,0.03%,0.06%,50,$55.11 ,$6.12 ,90,https://www.reinders.com/products/545-9040/,https://assetcloud01.roccommerce.net/files/_reinders/10/1/3/545-9040-label.pdf,"Urea, Methylene Urea, Monoammonium Phosphate, Sulfate of Potash, Ammonium Sulfate, Sodium Borate, Copper Oxide, Copper Sulfate, Iron Oxide, Iron Sulfate, Manganese Oxide, Manganese Sulfate, Zinc Oxide, and Zinc Sulfate",6.3,6.8,6.8,3.1,*4.9% Methylene Ureas
Reinders - 22-0-10 80% Duration SOP - 50 LB Bag,22.00%,0.00%,10.00%,0.00%,0.00%,0.00%,0.00%,0.00%,0.00%,0.00%,0.00%,50,$49.72 ,$4.52 ,,https://www.reinders.com/products/22-0-10-80-duration-sop-50-lb-bag/,https://assetcloud01.roccommerce.net/files/_reinders/8/8/10/370-6220-label.pdf,"Polymer Coated Urea, Urea and Sulfate of Potash",22*,,,,*17.2% polymer coated urea
EC Grow - 10-18-20 55%MU SOP - SGN 90 - 50 LB BAG,10.00%,18.00%,20.00%,0.00%,0.00%,0.00%,0.13%,0.06%,0.06%,0.03%,0.06%,50,$59.51 ,$11.90 ,90,https://www.reinders.com/products/ec-grow-10-18-20-55-mu-sop-sgn-90-50-lb-bag/,https://assetcloud01.roccommerce.net/files/_reinders/9/8/10/545-2240-label.pdf,"Methylene Urea, Monoammonium Phosphate, Sulfate of Potash, Sodium Borate, Copper Oxide, Copper Sulfate, Iron Oxide, Iron Sulfate, Manganese Oxide, Manganese Sulfate, Zinc Oxide and Zinc Sulfate.",0.6,4.5,4.5,2.3*,*Methylene Ureas
EC Grow - 23-0-15 70% RxN 30% AmSul SOP Mini - 50 LB Bag,23.00%,0.00%,15.00%,0.00%,0.00%,0.00%,0.00%,0.00%,0.00%,0.00%,0.00%,50,$39.27 ,$3.41 ,,https://www.reinders.com/products/ec-grow-23-0-15-70-rxn-30-amsul-sop-mini-50-lb-bag/,https://assetcloud01.roccommerce.net/files/_reinders/8/1/7/370-6110-label.pdf,"Urea, Sulfate of Potash and Ammonium Sulfate",16.1,6.9,6.9,,
EC Grow - 16-0-8 100%AMS - SGN90 - 50 LB BAG,16.00%,0.00%,8.00%,0.00%,0.00%,21.00%,0.13%,0.06%,0.06%,0.03%,0.06%,50,$46.75 ,$5.84 ,90,https://www.reinders.com/products/545-9070/,https://assetcloud01.roccommerce.net/files/_reinders/4/10/6/545-9070-label.pdf,"Ammonium Sulfate, Sulfate of Potash, Sodium Borate, Copper Oxide, Copper Sulfate, Iron Oxide, Iron Sulfate, Manganese Oxide, Manganese Sulfate, Zinc Oxide, and Zinc Sulfate",,16,16,,
18-12-6 Starter Fertilizer - 25% PCSU - SGN 215 - 50 LB BAG,18.00%,12.00%,6.00%,0.00%,0.00%,0.00%,0.00%,0.00%,0.00%,0.00%,0.00%,50,$31.70 ,$3.52 ,215,https://www.reinders.com/products/18-12-6-starter-fertilizer-25-pcsu-sgn-215-50-lb-bag/,http://www.springvalleyusa.com/sites/default/files/pdf/L2024910%20Standard%20SGN.pdf,"Diammonium Phosphate, Muriate of Potash, Urea,and Polymer-Coated-Sulfur-Coated Urea",13.3,4.7,4.7,,"*4.19% Polymer-Coated, Sulfur-Coated Urea\"
22-0-3 All Purpose Fertilizer - 50% Stabilized N with 2% Fe - 50 LB Bag,22.00%,0.00%,3.00%,0.00%,0.00%,0.00%,2.00%,0.00%,0.00%,0.00%,0.00%,50,$25.63 ,$2.33 ,,https://www.reinders.com/products/rp22-0-3/,https://assetcloud01.roccommerce.net/files/_reinders/6/10/9/rp22-0-3-label.pdf,Urea and Muriate of Potash. Iron oxy-sulfate,22,,,,
21-0-21 75% Stabilized N 2% Fe,21.00%,0.00%,21.00%,0.00%,0.00%,0.00%,2.00%,0.00%,0.00%,0.00%,0.00%,50,$31.35 ,$2.99 ,,https://www.reinders.com/products/rp21-0-21/,https://assetcloud01.roccommerce.net/files/_reinders/3/4/5/rp21-0-21-label-sv.pdf,"Urea, Muriate of Potash, and Iron oxide",21*,,,,*15.75% stabilized with Dicyandiamide and N-(n-Butyl)-thiophosphoric Triamide
33-0-5 All Purpose Fertilizer - 100% Stabilized N with 2% Fe,33.00%,0.00%,5.00%,0.00%,0.00%,0.00%,2.00%,0.00%,0.00%,0.00%,0.00%,50,$34.97 ,$2.12 ,,https://www.reinders.com/products/rp33-0-5/,https://assetcloud01.roccommerce.net/files/_reinders/7/1/4/rp33-0-5-label.pdf,"Urea, Muriate of Potash, Iron oxy-sulfate",33,,,,
Nature Safe - 12-2-6 Ammonium SulfateFortified Fertilizer - Fine Grade - SGN 130-140 - 50 LB Bag,12.00%,2.00%,6.00%,2.00%,0.00%,8.00%,0.00%,0.00%,0.00%,0.00%,0.00%,50,$33.00 ,$5.50 ,135,https://www.reinders.com/products/nature-safe-12-2-6-ammonium-sulfatefortified-fertilizer-fine-grade-sgn-130-140-50-lb-bag/,https://assetcloud01.roccommerce.net/files/_reinders/5/2/6/20364-label.pdf,"Hydrolyzed feather meal, ammonium sulfate, meat meal, bone meal, sulfate of potash and blood meal.*This product contains",,6,6,,*hydrolyzed feather meal and meat meal
Lebanon - 25-0-5 Proscape Fertilizer with Mesa - SGN 220 - 50 LB BAG,25.00%,0.00%,5.00%,0.00%,0.00%,5.00%,1.00%,0.00%,0.00%,0.00%,0.00%,50,$35.77 ,$2.86 ,220,https://www.reinders.com/products/lebanon-25-0-5-proscape-fertilizer-with-mesa-sgn-220-50-lb-bag/,https://www.lebanonturf.com/labels/2254318.pdf,"Ammonium Sulfate, Methylene Ureas, Urea, Muriate of Potash, Ferric Oxide, Ferrous Sulfate",13.3,4.5,4.5,4.6*,*7.2% Slowly available from Methylene Ureas
Spring Valley - 5-28-0 Crystal Green Fertilizer 10% Mg - SGN 90 - 50 LB BAG,5.00%,28.00%,0.00%,0.00%,10.00%,0.00%,0.00%,0.00%,0.00%,0.00%,0.00%,50,$59.82 ,$23.93 ,90,https://www.reinders.com/products/sv2002175/,https://assetcloud01.roccommerce.net/files/_reinders/10/1/4/sv2002175-label.pdf,"Magnesium Ammonium Phosphate Hexa-hydrate **5.00% Slowly Available Nitrogen, 28.00% Slowly Available Phosphate, 10.00% Slowly Available Magnesium derived from Magnesium Ammonium Phosphate Hexa-hydrate",,5,5,,
Lebanon - 25-0-10 Proscape Fertilizer with Mesa - SGN 195 - 50 LB Bag,25.00%,0.00%,10.00%,0.00%,0.00%,9.60%,0.00%,0.00%,0.00%,0.00%,0.00%,50,$45.92 ,$3.67 ,195,https://www.reinders.com/products/lebanon-25-0-10-proscape-fertilizer-with-mesa-sgn-195-50-lb-bag/,https://www.lebanonturf.com/labels/2153903.pdf,"Ammonium Sulfate, Methylene Ureas, Urea, Sulfate of Potash",3,5.3,5.3,11*,*Slowly available from Methylene Ureas
Nature Safe - 8-3-5 Stress Guard Super Fine Grade Fertilizer - SGN 80-100 - 50 LB Bag,8.00%,3.00%,5.00%,5.00%,2.20%,4.00%,0.00%,0.00%,0.00%,0.00%,0.00%,50,$35.75 ,$8.94 ,80-100,https://www.reinders.com/products/nature-safe-8-3-5-stress-guard-super-fine-grade-fertilizer-sgn-80-100-50-lb-bag/,https://d1p6n69pfnpnhu.cloudfront.net/Nature_Safe/NatureSafe_Files/Labels/8-3-5%20Labels%204-9-2019.pdf,"Feather meal. meat and bone meal, blood meal, and langbeinite. ""This product contains",,0.2,0.2,0.6,*slowly available from feather meal and meat and bone meal
Nature Safe - 18-0-4 Fine Grade Fertilizer with Mesa® - SGN 130-140 - 50 LB Bag,18.00%,0.00%,4.00%,0.00%,0.00%,3.00%,0.00%,0.00%,0.00%,0.00%,0.00%,50,$38.25 ,$4.25 ,135,https://www.reinders.com/products/nature-safe-18-0-4-fine-grade-fertilizer-with-mesa-sgn-130-140-50-lb-bag/,https://d1p6n69pfnpnhu.cloudfront.net/Nature_Safe/NatureSafe_Files/Labels/18-0-4%2021035%20Fine%2050%20Lb%20Bag%202-19-2019.pdf,"Feather meal. methylene urea, ammonium sulfate, meat meal, sulfate of potash, urea and blood meal",0.87,2.04,2.04,5.07,"*slowly available from feather meal, meat meal and methylene urea."
14-14-14 Regain Nutrilife Fertilizer for Flowering Plants,14.00%,14.00%,14.00%,0.00%,0.00%,5.55%,1.00%,0.10%,0.10%,0.00%,0.10%,50,$32.47 ,$4.64 ,215,https://www.reinders.com/products/rp14-14-14/,https://pndata.andersonsinc.com/Files/Labels/APT1485.40-J16%20-%2011x17.pdf,"ammonium phosphate, polymer coated sulfur coated urea, potassium sulfate, ferric oxide, ferrous sulfate, cupric oxide, cupric sulfate, manganous oxide, manganese sulfate, zinc oxide and zinc sulfate",8.52*,5.48,5.48,,*Slowly available from polymer coated sulfur coated urea
Lebanon - Woodace 18-5-10 Slow Release Fertilizer W/ Expo Slow Release,18.00%,5.00%,10.00%,0.00%,0.50%,3.20%,0.16%,0.00%,0.30%,0.00%,0.00%,50,$53.70 ,$5.97 ,145,https://www.reinders.com/products/lb2256322/,https://assetcloud01.roccommerce.net/files/_reinders/5/3/2/lb2256322-label.pdf,"mmonium Phosphate, Methylene Ureas, Urea, Muriate of Potash, Sulfate of Potash, Manganese Sucrate, Ferric Oxide, Ferrous Sulfate, Manganese Sucrate",2.2,2,2,8.8*,*Slowly Available from Methylene Ureas
Lebanon - Woodace Flowering Plant Special 14-14-14 - 40 LB BAG,14.00%,14.00%,14.00%,0.00%,1.00%,4.00%,1.00%,0.00%,0.50%,0.00%,0.00%,40,$46.88 ,$8.37 ,,https://www.reinders.com/products/lb2156355/,https://www.lebanonturf.com/labels/2156355.pdf,"Ammonium Phosphate, Methylene Ureas, Urea, Sulfate of Potash, Sulfate of Potash-Magnesia, Ferrous Sulfate , Manganese Sulfate",2.4,2.8,2.8,5.6*,*Slowly Available from Methylene Ureas
Mears - 13-13-13 25% XCU Bios & Micros Fertilizer - 50 LB Bag,13.00%,13.00%,13.00%,0.00%,1.00%,5.58%,1.00%,0.13%,0.13%,0.05%,0.13%,50,$37.34 ,$5.74 ,220,https://www.reinders.com/products/mears-13-13-13-25-xcu-bios-micros-fertilizer-50-lb-bag/,https://assetcloud01.roccommerce.net/files/_reinders/7/6/7/rebb1313m50s2-label.pdf,"Urea, Polymer Coated SulfurCoated Urea, Ammonium Sulfate, Diammonium Phosphate, Sulfateof Potash Magnesia, Muriate of Potash, Sodium Borate, CopperOxide, Copper Sulfate, Iron Oxide, Ferrous Sulfate, ManganeseOxide, Manganese Sulfate, Molybdic Oxide, Zinc Oxide, ZincSulfate and Activated Sewage",4.869*,7.49,7.49,,*3.023% Polymer Coated SulfurCoated Urea
16-6-10 Award Tree & Shrub Starter Fertilizer - DOT Type A – 50 LB BAG,16.00%,6.00%,10.00%,0.00%,0.00%,0.00%,0.00%,0.00%,0.00%,0.00%,0.00%,50,$25.63 ,$3.20 ,261,https://www.reinders.com/products/544-7030/,https://assetcloud01.roccommerce.net/files/_reinders/1/4/7/544-7030-label.pdf,"Urea, Muriate ofPotash and Diammonium Phosphate",13.6,2.4,2.4,,
Mears - 12-22-8 Starter Fertilizer with 25% XCU® Polymer-Coated Sulfur-Coated Urea - 50 LB Bag,12.00%,22.00%,8.00%,0.00%,0.00%,0.00%,0.00%,0.00%,0.00%,0.00%,0.00%,50,$24.04 ,$4.01 ,220,https://www.reinders.com/products/mears-12-22-8-starter-fertilizer-with-25-xcu-polymer-coated-sulfur-coated-urea-50-lb-bag/,https://www.reinders.com/products/mears-12-22-8-starter-fertilizer-with-25-xcu-polymer-coated-sulfur-coated-urea-50-lb-bag/,"Polymer Coated Sulfur CoatedUrea, Diammonium Phosphate, Muriate of Potash and ActivatedSewage",3.081*,8.35,8.35,,*2.791% Polymer Coated Urea
Andersons - 5-7-5 Genesis Rx - SGN 100 - 50 LB Bag,5.00%,7.00%,5.00%,3.50%,3.10%,6.40%,0.90%,0.05%,0.50%,0.00%,0.00%,50,$80.50 ,$32.20 ,100,https://www.reinders.com/products/andersons-5-7-5-genesis-rx-sgn-100-50-lb-bag/,https://pndata.andersonsinc.com/Files/Labels/Genesis%20Rx-NPA-B19.pdf,"urea, methylene ureas, monoammonium phosphate, ammonium sulfate, potassium sulfate, sulfate of potash magnesia, manganese sulfate, calcium sulfate, cupric sulfate, cupric oxysulfate, ferrous sulfate, ferric oxysulfate, magnesium sulfate, magnesium oxysulfate, manganese sulfate, manganous oxysulfate, magnesium ammonium phosphate hexa-hydrate, and mined gypsum. Humic Acid (derived from Leonardite) 8.3%",1.05,1.86,1.86,1.23,
Andersons - 4-22-0 SmartPhos Dispersing Granules - SGN 75 - 40 LB BAG,4.00%,22.00%,0.00%,0.00%,8.00%,0.00%,0.00%,0.00%,0.00%,0.00%,0.00%,40,$82.18 ,$51.36 ,75,https://www.reinders.com/products/andersons-4-22-0-smartphos-dispersing-granules-sgn-75-40-lb-bag/,https://pndata.andersonsinc.com/Files/Labels/ASP4SPMGDG4.pdf,"*4.00% slowly available nitrogen, 22.00% slowly available phosphate, and 8.00% slowly available magnesium from magnesium ammonium phosphate hexahydrate",,4*,4*,,
Andersons - 9-4-9 Biomend Dispersing Granular Technology - SGN 75 - 40 LB BAG,9.00%,4.00%,9.00%,4.30%,0.00%,7.82%,0.00%,0.00%,0.00%,0.00%,0.00%,40,$68.88 ,$19.13 ,75,https://www.reinders.com/products/andersons-9-4-9-biomend-dispersing-granular-technology-sgn-75-40-lb-bag/,https://pndata.andersonsinc.com/Files/Labels/CDG9W4.pdf,"Derived from potassium sulfate, methylene ureas, ammonium sulfate, bone meal, distillers dried grains and vegetable protein hydrolysate",0.7,4.17,4.17,2.35*,*methylene ureas
32-0-8 All Purpose Fertilizer - 50% Stablilized N with 2% Fe,32.00%,0.00%,8.00%,0.00%,0.00%,0.00%,2.00%,0.00%,0.00%,0.00%,0.00%,50,$34.30 ,$2.14 ,215,https://www.reinders.com/products/rp32-0-8/,https://pndata.andersonsinc.com/Files/Labels/APT321UFE5.40-J16%20-%2011x17.pdf,"urea, potassium chloride and ferric oxide",32*,,,,*16.00% stabilized with N-(n-butyl) thiophosphoric triamide
Spring Valley - 24-0-11 50% XCU 1% MN 2% FE MOP STD - 50 LB Bag,24.00%,0.00%,11.00%,0.00%,0.00%,1.65%,2.00%,0.00%,1.00%,0.00%,0.00%,50,$35.08 ,$2.92 ,,https://www.reinders.com/products/spring-valley-24-0-11-50-xcu-1-mn-2-fe-mop-std-50-lb-bag/,https://assetcloud01.roccommerce.net/files/_reinders/9/1/4/sv2252705-label.pdf,"Iron Oxide, Magnesium Sucrate, Muriate of Potash, Polymer-coated Sulfur-coated urea, and Urea",24*,,,,"*12.00% Polymer-Coated, Sulfur-Coated Urea"
EC Grow - 10-10-10 Maxlawn All-Purpose Fertilizer - 50 LB BAG,10.00%,10.00%,10.00%,0.00%,0.00%,0.00%,0.00%,0.00%,0.00%,0.00%,0.00%,50,$24.53 ,$4.91 ,,https://www.reinders.com/products/700-1190/,https://ecgrowproturf.com/wp-content/uploads/2019/03/10-10-10-All-Mineral-700-1190.pdf,"Urea, Muriate of Potash and Diammonium Phosphate",6.1,3.9,3.9,,
Reinders - 24-5-10 50%RXN 17%AmSul 3%Fe - 50 LB BAG,24.00%,5.00%,10.00%,0.00%,0.00%,0.00%,3.00%,0.00%,0.00%,0.00%,0.00%,50,$32.23 ,$2.69 ,,https://www.reinders.com/products/370-9430/,https://assetcloud01.roccommerce.net/files/_reinders/5/2/2/370-9430-label.pdf,"Urea, Ammonium Sulfate, Diammonium Phosphate, Muriate of Potash and Iron oxy-sulfate",17.9,6.1,6.1,,
Andersons - 15-0-15 Contec DG Fertilizer 50%Mutech 50%AS FE MN - SGN 75 - 40 LB BAG,15.00%,0.00%,15.00%,0.00%,0.00%,13.70%,0.30%,0.00%,0.30%,0.00%,0.00%,40,$47.48 ,$7.91 ,75,https://www.reinders.com/products/cdg157wm4/,https://pndata.andersonsinc.com/Files/Labels/CDG157WM4.pdf,"methylene ureas, ammonium sulfate, potassium sulfate, ferrous sulfate and manganese sulfate",1.13,7.5,7.5,3.75*,*methylene ureas
Andersons - 19-0-15 Contec DG Fertilizer 100%MUtech 0.5%Fe 2%Mg - SGN 75 - 40 LB BAG,19.00%,0.00%,15.00%,0.00%,1.00%,6.60%,0.50%,0.05%,0.05%,0.00%,0.00%,40,$81.62 ,$10.74 ,75,https://www.reinders.com/products/cdg1919wm4-2/,https://pndata.andersonsinc.com/Files/Labels/CDG1919WM4.2.pdf,"Potassium sulfate, methylene ureas, sulfate of potash manesia, ferric oxide, ferrous sulfate, supric oxide, copper uslfate, manganous oxide, managese sulfate, zinc oxide, zinc sulfate, sodium molybdate",2.26,,,9.85*,*methylene ureas
Spring Valley - 32-0-10 75% XCU 2% FE MOP - 50 LB Bag,32.00%,0.00%,10.00%,0.00%,0.00%,2.23%,2.00%,0.00%,0.00%,0.00%,0.00%,50,$41.70 ,$2.61 ,,https://www.reinders.com/products/spring-valley-32-0-10-75-xcu-2-fe-mop-50-lb-bag/,https://assetcloud01.roccommerce.net/files/_reinders/2/4/5/sv2055721-label.pdf,"Iron Oxide, Muriate of Potash, Polymer-coated Sulfur-coated Urea, and Urea",32*,,,,"*24.00% Polymer-Coated, Sulfur-Coated Urea."
Spring Valley - 17-0-17 Nutrilife Fertilizer - SGN 150 - 50 LB BAG,17.00%,0.00%,17.00%,0.00%,0.00%,0.00%,0.00%,0.00%,0.00%,0.00%,0.00%,50,$59.13 ,$6.96 ,150,https://www.reinders.com/products/sv2000335/,?,?,?,,,,
Spring Valley - 22-0-6 Fertilizer 100% Regain NN Lite Topcut 1%Fe - 50 LB BAG,22.00%,0.00%,6.00%,0.00%,0.00%,0.00%,1.00%,0.00%,0.00%,0.00%,0.00%,50,$28.84 ,$2.62 ,,https://www.reinders.com/products/sv2036970/,https://assetcloud01.roccommerce.net/files/_reinders/10/8/4/sv2036970-label.pdf,"Bio-solids, Muriate of Potash, Urea",22*,,,,*stabilized with Agrotain® stabilizer
Spring Valley - 30-0-10 50% XCU MOP STD - 50 LB Bag,30.00%,0.00%,10.00%,0.00%,0.00%,1.39%,0.00%,0.00%,0.00%,0.00%,0.00%,50,$36.09 ,$2.41 ,,https://www.reinders.com/products/spring-valley-30-0-10-50-xcu-mop-std-50-lb-bag/,https://assetcloud01.roccommerce.net/files/_reinders/9/5/4/sv2050700-label.pdf,"Muriate of Potash, Polymer-coated Sulfur-coated Urea, and Urea",30*,,,,"*15.00% Slowly Available from Polymer-Coated, Sulfur-Coated Ure"
Spring Valley - 21-0-11 Top Cut Fertilizer - SGN 150 - 50 LB BAG,21.00%,0.00%,11.00%,0.00%,0.00%,3.74%,1.13%,0.00%,0.00%,0.00%,0.00%,50,$53.48 ,$5.09 ,150,https://www.reinders.com/products/sv2033778/,http://www.springvalleyusa.com/sites/default/files/label/2033800.pdf,"Bio-solids, Sulfate of Potash, Methylene Ureas.",2.9,0.17,0.17,9.65*,*Methylenediurea and Dimethylenetriurea
Spring Valley - 25-0-4 75% REGAIN - 50 LB Bag,25.00%,0.00%,4.00%,0.00%,0.00%,2.99%,0.20%,0.00%,0.00%,0.00%,0.00%,50,$27.97 ,$2.24 ,,https://www.reinders.com/products/spring-valley-25-0-4-75-regain-50-lb-bag/,https://assetcloud01.roccommerce.net/files/_reinders/8/5/4/sv2088654-label.pdf,"Bio-solids, Ammonium Sulfate, Muriate of Potash, and Urea",22.11*,2.5,2.5,0.07,*18.75% stabilized with N-(nButyl)thiophosphoric triamide
Spring Valley - 27-0-5 Regain Fertilizer - 50 LB BAG,27.00%,0.00%,5.00%,0.00%,0.00%,0.00%,0.12%,0.00%,0.00%,0.00%,0.00%,50,$33.72 ,$2.50 ,230,https://www.reinders.com/products/sv2047270/,http://www.springvalleyusa.com/sites/default/files/pdf/L2047275%20Standard%20SGN.pdf,"Muriate of Potash, Urea, Iron Oxide, and Ferrous Sulfate",27*,,,,*stabilized with AGROTAIN® stabilizer
EC Grow - 15-0-30 50%MU SOP Micros - SGN90 - 50 LB BAG,15.00%,0.00%,30.00%,0.00%,0.00%,10.10%,0.13%,0.06%,0.06%,0.03%,0.06%,50,$65.23 ,$8.70 ,90,https://www.reinders.com/products/545-9020/,https://ecgrowproturf.com/wp-content/uploads/2019/04/545-9020.pdf,"Urea, Methylene Urea, Sulfate of Potash, Sodium Borate, Copper Oxide, Copper Sulfate, Iron Oxide, Iron Sulfate, Manganese Oxide, Manganese Sulfate, Zinc Oxide and Zinc Sulfate. Sulfur from SOP",8.2,,,3.2*,*Methylene Ureas
EC Grow - 14-0-24 65%MU SOP 5%MN 2%FE Mini - SGN150 - 50 LB BAG,14.00%,0.00%,24.00%,0.00%,0.00%,0.00%,2.00%,0.00%,4.90%,0.00%,0.00%,50,$54.89 ,$7.84 ,150,https://www.reinders.com/products/rp14-0-24/,https://assetcloud01.roccommerce.net/files/_reinders/6/5/6/rp14-0-24-label.pdf,"Urea, Methylene Urea, Sulfate of Potash, Iron sucrate, and Manganese sucrate",6.3,,,4.8*,*Methylene Ureas
Spring Valley - 22-0-5 Regain N-Lite Fertilizer - SGN 150 - 50 LB BAG,22.00%,0.00%,5.00%,0.00%,0.00%,0.00%,0.00%,0.00%,0.00%,0.00%,0.00%,50,$43.13 ,$3.92 ,150,https://www.reinders.com/products/sv2017578/,?,?,?,,,,
Lebanon - 20-0-10 Country Club 60% MESA 100% EXPO - SGN 150 - 50 LB BAG,22.00%,0.00%,10.00%,0.00%,0.00%,3.00%,0.00%,0.00%,0.00%,0.00%,0.00%,50,$46.97 ,$4.27 ,150,https://www.reinders.com/products/lebanon-20-0-10-country-club-60-mesa-100-expo-sgn-150-50-lb-bag/,https://www.lebanonturf.com/labels/2237116.pdf,"Methylene Urea, potassium sulfate, ammonium sulfate",2.5,2.3,2.3,9.6*,*Methylene Ureas
Lebanon - 27-0-5 Country Club Fertilizer with Meth-Ex - SGN 145 - 50 LB BAG,27.00%,0.00%,5.00%,0.00%,0.00%,11.20%,0.00%,0.00%,0.00%,0.00%,0.00%,50,$43.60 ,$3.23 ,145,https://www.reinders.com/products/lb2135763/,https://www.lebanonturf.com/labels/2135763.pdf,"Ammonium Sulfate, Methylene Ureas, Urea, Sulfate of Potash",1.5,8.2,8.2,11*,*Methylene Ureas
Reinders - 30-0-0 Nitrogen Fertilizer - 50 LB BAG,30.00%,0.00%,0.00%,0.00%,0.00%,10.80%,0.00%,0.00%,0.00%,0.00%,0.00%,50,$21.32 ,$1.42 ,220,https://www.reinders.com/products/m30-0-0/,https://assetcloud01.roccommerce.net/files/_reinders/9/9/5/m30-0-0-label.pdf,"Urea, Ammonium Sulfate",20.55,9.45,9.45,,
Reinders - 24-0-12 100%RXN - 50 LB BAG,24.00%,0.00%,12.00%,0.00%,0.00%,0.00%,0.00%,0.00%,0.00%,0.00%,0.00%,50,$29.26 ,$2.44 ,,https://www.reinders.com/products/370-9400/,https://assetcloud01.roccommerce.net/files/_reinders/3/9/7/370-9400-label.pdf,Urea and Muriate of Potash,24*,,,,*RXN
16-6-28 Award Turf Fertilizer - DOT Type B - 50 LB BAG,16.00%,6.00%,28.00%,0.00%,0.00%,0.00%,0.00%,0.00%,0.00%,0.00%,0.00%,50,$31.35 ,$3.92 ,,https://www.reinders.com/products/544-7010/,https://assetcloud01.roccommerce.net/files/_reinders/8/7/4/544-7010-label.pdf,"Urea, Muriate of Potash and Diammonium Phosphate",13.6,2.4,2.4,,
Reinders - 24-0-10 100%UMAXX SOP - 50 LB BAG,24.00%,0.00%,10.00%,0.00%,0.00%,0.00%,0.00%,0.00%,0.00%,0.00%,0.00%,50,$46.64 ,$3.89 ,,https://www.reinders.com/products/370-7420/,https://assetcloud01.roccommerce.net/files/_reinders/9/2/3/370-7420-label.pdf,Urea and Sulfate of Potash,24*,,,,*stabilized with dicyandiamide and N-(n-butyl) thiophosphoric triamide
Reinders - 28-0-5 100% STN - 50 LB BAG,28.00%,0.00%,5.00%,0.00%,0.00%,0.00%,0.00%,0.00%,0.00%,0.00%,0.00%,50,$31.35 ,$2.24 ,,https://www.reinders.com/products/370-2260/,https://assetcloud01.roccommerce.net/files/_reinders/9/1/10/370-2260-label.pdf,Urea and Muriate of Potash,28*,,,,*STN
Reinders - 16-12-6 75%RXN 20%AmSul 10%Milo SOP Avail Mini - 50 LB BAG,16.00%,12.00%,6.00%,0.00%,0.00%,0.00%,0.00%,0.00%,0.00%,0.00%,0.00%,50,$41.69 ,$5.21 ,,https://www.reinders.com/products/370-9670/,https://assetcloud01.roccommerce.net/files/_reinders/2/5/5/370-9670-label.pdf,"Urea, Ammonium Sulfate, Sulfate of Potash and Monoammonium Phosphate",10.4,5.6,5.6,,
Reinders - 30-0-10 50% RXN 2% FE - 50 LB Bag,30.00%,0.00%,10.00%,0.00%,0.00%,0.00%,2.00%,0.00%,0.00%,0.00%,0.00%,50,$32.89 ,$2.19 ,,https://www.reinders.com/products/ec-grow-30-0-10-50-rxn-2-fe-50-lb-bag/,https://assetcloud01.roccommerce.net/files/_reinders/1/10/5/370-2110-label.pdf,"Urea, Muriate of Potash, Biosolids and Iron oxy-sulfate",30,,,,
Reinders - 20-0-5 100%RXN - 10%Organic - 50 LB BAG,20.00%,0.00%,5.00%,0.00%,0.00%,0.00%,0.00%,0.00%,0.00%,0.00%,0.00%,50,$26.29 ,$2.63 ,,https://www.reinders.com/products/370-8110/,https://assetcloud01.roccommerce.net/files/_reinders/6/3/6/370-8110-label.pdf,"Urea, Muriate of Potash and Biosolids",20,,,,
EC Grow - 35-0-10 Spread-It Forget-It Fertilizer - SGN250 - 50 LB BAG,35.00%,0.00%,10.00%,0.00%,0.00%,0.00%,0.00%,0.00%,0.00%,0.00%,0.00%,50,$49.94 ,$2.85 ,250,https://www.reinders.com/products/rp35-0-10/,https://assetcloud01.roccommerce.net/files/_reinders/10/7/7/rp35-0-10-label.pdf,"Urea, Polymer Coated Urea and Muriate of Potash",35*,,,,*33.25% polymer coated urea
Reinders - 22-0-10 50%RXN and 35%Organic - 50 LB BAG,22.00%,0.00%,10.00%,0.00%,0.00%,0.00%,0.00%,0.00%,0.00%,0.00%,0.00%,50,$28.05 ,$2.55 ,,https://www.reinders.com/products/370-2200/,https://assetcloud01.roccommerce.net/files/_reinders/7/5/10/370-2200-label.pdf,"Urea, Muriate of Potash and Biosolids",20.8,,,,
Reinders - 26-5-10 50%RXN DDP FE MN - 50 LB BAG,26.00%,5.00%,10.00%,0.00%,0.00%,0.00%,0.00%,0.00%,0.00%,0.00%,0.00%,50,$34.65 ,$2.67 ,,https://www.reinders.com/products/370-9680/,https://assetcloud01.roccommerce.net/files/_reinders/7/8/1/370-9680-label.pdf,"Urea, Diammonium Phosphate and Muriate of Potash",24,2,2,,
Reinders - 28-0-10 50%RXN 15%AmSul - 50 LB BAG,28.00%,0.00%,10.00%,0.00%,0.00%,0.00%,0.00%,0.00%,0.00%,0.00%,0.00%,50,$31.35 ,$2.24 ,,https://www.reinders.com/products/370-9470/,https://assetcloud01.roccommerce.net/files/_reinders/7/9/1/370-9470-label.pdf,"Urea, Muriate of Potash and Ammonium Sulfate",23.8,4.2,4.2,,
EC Grow - 30-0-10 50% RXN 5% FE - SGN 220 - 50 LB Bag,30.00%,0.00%,10.00%,0.00%,0.00%,0.00%,5.00%,0.00%,0.00%,0.00%,0.00%,50,$33.88 ,$2.26 ,220,https://www.reinders.com/products/ec-grow-30-0-10-50-rxn-5-fe-sgn-220-50-lb-bag/,?,?,?,,,,
Andersons - 11-8-9 Contec DG Smart Phos Blend Fertilizer - 75 SGN - 40 LB Bag,11.00%,8.00%,9.00%,0.00%,2.80%,0.00%,0.20%,0.00%,0.20%,0.00%,0.00%,40,$72.80 ,$16.55 ,75,https://www.reinders.com/products/andersons-11-8-9-contec-dg-smart-phos-blend-fertilizer-75-sgn-40-lb-bag/,https://assetcloud01.roccommerce.net/files/_reinders/10/3/3/cdg11wm4-label.pdf,"magnesium ammonium phosphate hexa-hydrate, methylene ureas, ammonium sulfate, potassium sulfate, ferrous sulfate, manganous sulfate. Humic Acid (derived from leonardite) 1.25%",0.42,0.3,0.3,2.5*,*Methylene Ureas
Andersons - 18-0-5 Contec DG Fertilizer 75%MUtech 7%MN - SGN 75 - 40 LB BAG,18.00%,0.00%,5.00%,0.00%,0.00%,6.85%,0.00%,0.00%,7.00%,0.00%,0.00%,40,$82.18 ,$11.41 ,75,https://www.reinders.com/products/andersons-18-0-5-contec-dg-fertilizer-75mutech-7mn-sgn-75-40-lb-bag/,https://pndata.andersonsinc.com/Files/Labels/CDG1813WM4-A17%20-%20color%2011x17.pdf,"ammonium sulfate, potassium sulfate, methylene ureas and manganese sulfate",2 .02,4.5,4.5,6.75*,*Methylene Ureas
Andersons - 24-0-10 Contec Dispersing Granule Technology - 50 LB BAG,24.00%,0.00%,10.00%,0.00%,0.00%,6.15%,0.00%,0.00%,0.00%,0.00%,0.00%,50,$66.50 ,$5.54 ,150,https://www.reinders.com/products/cdg2424w5-1/,https://pndata.andersonsinc.com/Files/Labels/CDG2424W5.1.pdf,"Methylene Ureas, ammonium sulfate, and potassium sulfate",1.86,2.4,2.4,6.81*,*methylene ureas and ureaform
Andersons - 22-0-10 Contec Dispersing Granule Technology - 40 LB BAG,22.00%,0.00%,10.00%,0.00%,0.00%,0.00%,0.00%,0.00%,0.00%,0.00%,0.00%,40,$93.66 ,$10.64 ,75,https://www.reinders.com/products/cdg221w4/,https://pndata.andersonsinc.com/Files/Labels/CDG221W4.pdf,,,,,,
Andersons - 0-0-12 Contec Dispersing Granule Technology - SGN 75 - 40 LB BAG,0.00%,0.00%,12.00%,0.00%,24.00%,12.00%,0.00%,0.00%,0.00%,0.00%,0.00%,40,$66.36 ,,75,https://www.reinders.com/products/andersons-0-0-12-contec-dispersing-granule-technology-sgn-75-40-lb-bag/,https://pndata.andersonsinc.com/Files/Labels/CDGK12M4-A17%20-%20color%2011x17.pdf,,,,,,
Andersons - 7-14-14 Contec Dispersing Granule Technology - SGN 75 - 40 LB BAG,7.00%,14.00%,14.00%,0.00%,2.00%,9.92%,0.00%,0.00%,0.00%,0.00%,0.00%,40,$70.14 ,$25.05 ,75,https://www.reinders.com/products/andersons-7-14-14-contec-dispersing-granule-technology-sgn-75-40-lb-bag/,https://pndata.andersonsinc.com/Files/Labels/CDG72WM4-A17%20-%20color%2011x17.pdf,,,,,,
Andersons - 0-0-25 Contec Dispersing Granule Technology - SGN 75 - 40 LB BAG,0.00%,0.00%,25.00%,0.00%,4.00%,13.70%,0.00%,0.00%,3.00%,0.00%,0.00%,40,$76.16 ,,75,https://www.reinders.com/products/andersons-0-0-25-contec-dispersing-granule-technology-sgn-75-40-lb-bag/,https://pndata.andersonsinc.com/Files/Labels/CDGK25M4.1_G18.pdf,,,,,,
Andersons - 6-0-12 Contec Dispersing Granule Technology - SGN 75 - 40 LB BAG,6.00%,0.00%,12.00%,0.00%,2.00%,13.50%,0.00%,0.00%,5.00%,0.00%,0.00%,40,$59.39 ,$24.75 ,75,https://www.reinders.com/products/andersons-6-0-12-contec-dispersing-granule-technology-sgn-75-40-lb-bag/,https://pndata.andersonsinc.com/Files/Labels/CDG6M40.1-A17%20-%20color%2011x17.pdf,,,,,,
Andersons - 18-9-18 Fertilizer 60% Contec DG MU - SGN 75 - 40 LB BAG,18.00%,9.00%,18.00%,0.00%,0.00%,8.60%,0.28%,0.00%,0.14%,0.00%,0.00%,40,$63.49 ,$8.82 ,75,https://www.reinders.com/products/andersons-18-9-18-fertilizer-60-contec-dg-mu-sgn-75-40-lb-bag/,https://pndata.andersonsinc.com/Files/Labels/CDG181WM40.pdf,,,,,,
Andersons - 20-0-16 Contec DG Fertilizer 100% MUtech-M - SGN 150 - 50 LB BAG,20.00%,0.00%,16.00%,0.00%,0.00%,5.44%,0.00%,0.00%,0.00%,0.00%,0.00%,50,$65.38 ,$6.54 ,150,https://www.reinders.com/products/cdg202w5/,https://pndata.andersonsinc.com/Files/Labels/CDG202W5-A17%20-%20color%2011x17.pdf,,,,,,
Andersons - 0-0-13 Contec Dispersing Granule Technology - SGN 75 - 40 LB BAG,0.00%,0.00%,13.00%,0.00%,2.00%,14.90%,0.00%,0.00%,1.50%,0.00%,0.00%,40,$53.20 ,,75,https://www.reinders.com/products/cdgk13m4/,https://pndata.andersonsinc.com/Files/Labels/CDGK13M4-A17%20-%20color%2011x17.pdf,,,,,,
Andersons - 18-3-18 Contec Dispensing Granule Technology - SGN 75 - 40 LB BAG,18.00%,3.00%,18.00%,0.00%,0.00%,6.90%,0.00%,0.00%,0.00%,0.00%,0.00%,40,$81.20 ,$11.28 ,75,https://www.reinders.com/products/cdg1816w4/,https://pndata.andersonsinc.com/Files/Labels/CDG1816W4-A17%20-%20color%2011x17.pdf,,,,,,
Andersons - 12-3-12 Contec Dispersing Granule Technology - SGN 75 - 40 LB BAG,12.00%,3.00%,12.00%,0.00%,0.00%,17.00%,0.30%,0.00%,0.50%,0.00%,0.00%,40,$71.40 ,$14.88 ,75,https://www.reinders.com/products/cdg12m40/,https://pndata.andersonsinc.com/Files/Labels/CDG12M40-A17%20-%20color%2011x17.pdf,,,,,,
Andersons - 18-24-5 Contec Dispensing Granule Technology - SGN 150 - 50 LB BAG,18.00%,24.00%,5.00%,0.00%,0.00%,1.70%,0.00%,0.00%,0.00%,0.00%,0.00%,50,$60.06 ,$6.67 ,150,https://www.reinders.com/products/cdg186w5/,https://pndata.andersonsinc.com/Files/Labels/CDG186W5_A17.pdf,,,,,,
Andersons - 13-0-26 Contec Dispersing Granule Technology - SGN 75 - 40 LB BAG,13.00%,0.00%,26.00%,0.00%,0.00%,8.84%,0.00%,0.00%,0.00%,0.00%,0.00%,40,$82.88 ,$15.94 ,75,https://www.reinders.com/products/cdg131w4-1/,https://pndata.andersonsinc.com/Files/Labels/CDG131W4.1.pdf,,,,,,
Andersons - 9-0-18 Contec Dispersing Granule Technology - SGN 75 - 40 LB BAG,9.00%,0.00%,18.00%,0.00%,0.00%,6.12%,0.30%,0.00%,6.00%,0.00%,0.00%,40,$78.68 ,$21.86 ,75,https://www.reinders.com/products/cdg95wm4/,https://pndata.andersonsinc.com/Files/Labels/CDG95WM4-A17%20-%20%20color%2011x17.pdf,,,,,,
Andersons - 14-7-14 Contec Dispersing Granule Technology - SGN 75 - 40 LB BAG,14.00%,7.00%,14.00%,0.00%,0.00%,0.00%,0.00%,0.00%,0.00%,0.00%,0.00%,40,$77.42 ,$13.83 ,75,https://www.reinders.com/products/cdg141wm4/,N/A,,,,,,
Andersons - 12-24-8 Contec Dispersing Granule Technology - SGN 75 - 40 LB BAG,12.00%,24.00%,8.00%,0.00%,0.00%,4.10%,0.30%,0.00%,0.50%,0.00%,0.00%,40,$60.05 ,$12.51 ,75,https://www.reinders.com/products/cdg126wm4-2/,https://pndata.andersonsinc.com/Files/Labels/CDG126WM4.2.pdf,,,,,,
Andersons - 9-12-6 37% HCU™ 36% Black Gypsum DG® - SGN 240 - 50 LB Bag,9.00%,12.00%,6.00%,6.10%,2.00%,6.70%,1.00%,0.00%,0.00%,0.00%,0.00%,50,$37.52 ,$8.34 ,240,https://www.reinders.com/products/andersons-9-12-6-37-hcu-36-black-gypsum-dg-sgn-240-50-lb-bag/,https://pndata.andersonsinc.com/Files/Labels/ASP9HCUBG5_G20.pdf,,,,,,
Andersons - 22-0-4 50% HCU™ 43% Black Gypsum DG® - SGN 240 - 50 LB Bag,22.00%,0.00%,4.00%,7.20%,0.00%,6.90%,0.00%,0.00%,0.00%,0.00%,0.00%,50,$37.66 ,$3.42 ,240,https://www.reinders.com/products/andersons-22-0-4-50-hcu-43-black-gypsum-dg-sgn-240-50-lb-bag/,https://pndata.andersonsinc.com/Files/Labels/ASP22HCUBG5.1%203-2-20.pdf,,,,,,
Andersons - 13-0-3 Fertilizer with Humic DG - SGN 240 - 50 LB BAG,13.00%,0.00%,3.00%,1.60%,0.00%,4.47%,1.00%,0.00%,0.00%,0.00%,0.00%,50,$41.30 ,$6.35 ,240,https://www.reinders.com/products/asp133hu5-1/,https://pndata.andersonsinc.com/Files/Labels/ASP133HU5.1.pdf,,,,,,
Andersons - 25-0-9 Fertilizer 80%NutriSphere-N 2%FE 1%MG - SGN 150 - 50 LB BAG,25.00%,0.00%,9.00%,0.00%,1.00%,0.00%,2.00%,0.00%,1.00%,0.00%,0.00%,50,$45.84 ,$3.67 ,150,https://www.reinders.com/products/agc25um5-40/,https://pndata.andersonsinc.com/Files/Labels/AGC25NM5.40-H16%20-%2011x17.pdf,,,,,,
Andersons - 16-0-8 Fertilizer with Humic DG - SGN 150 - 50 LB BAG,16.00%,0.00%,8.00%,0.00%,0.00%,2.72%,2.00%,0.00%,0.00%,0.00%,0.00%,50,$49.56 ,$6.20 ,150,https://www.reinders.com/products/andersons-16-0-8-fertilizer-with-humic-dg-sgn-150-50-lb-bag/,https://pndata.andersonsinc.com/Files/Labels/ASP16WHUFE5.40-H16%20-%2011x17.pdf,,,,,,
EC Grow - 0-0-53 Soluble SOP Fines - 55.1 LB BAG,0.00%,0.00%,50.00%,0.00%,0.00%,0.00%,0.00%,0.00%,0.00%,0.00%,0.00%,55,$52.91 ,,,https://www.reinders.com/products/ec-grow-0-0-53-soluble-sop-fines-551-lb-bag/,,SOP,,,,,
EC Grow - Ammonium Sulfate Mini - 50 LB Bag,21.00%,0.00%,0.00%,0.00%,0.00%,0.00%,0.00%,0.00%,0.00%,0.00%,0.00%,50,$25.52 ,$2.43 ,125-150,https://www.reinders.com/products/ec-grow-ammonium-sulfate-mini-50-lb-bag/,,AMS,,,,,
EC Grow - 46-0-0 Sprayable Prilled Urea - 50 LB BAG,46.00%,0.00%,0.00%,0.00%,0.00%,0.00%,0.00%,0.00%,0.00%,0.00%,0.00%,50,$32.21 ,$1.40 ,140,https://www.reinders.com/products/544-6000/,,Urea,,,,,
Koch - 46-0-0 100%UFLEXX - SGN22 - 50 LB BAG,46.00%,0.00%,0.00%,0.00%,0.00%,0.00%,0.00%,0.00%,0.00%,0.00%,0.00%,50,$50.60 ,$2.20 ,22,https://www.reinders.com/products/544-6075/,,UFLEXX Urea,,,,,
EC Grow - 46-0-0 UMAXX - 50 LB BAG,46.00%,0.00%,0.00%,0.00%,0.00%,0.00%,0.00%,0.00%,0.00%,0.00%,0.00%,50,$58.08 ,$2.53 ,,https://www.reinders.com/products/544-6085/,,UMAXX Urea,,,,,
Mears - 46-0-0 Granular Urea Nitrogen - 50 LB Bag,46.00%,0.00%,0.00%,0.00%,0.00%,0.00%,0.00%,0.00%,0.00%,0.00%,0.00%,50,$23.36 ,$1.02 ,220,https://www.reinders.com/products/m46-0-0g/,,Urea,,,,,
Mears - 46-0-0 Spray Grade Urea - 50 LB BAG,46.00%,0.00%,0.00%,0.00%,0.00%,0.00%,0.00%,0.00%,0.00%,0.00%,0.00%,50,$25.06 ,$1.09 ,22,https://www.reinders.com/products/rebf460050/,,Urea,,,,,
Mears - 20-0-0 Ammonium Sulfate - 50 LB BAG,20.00%,0.00%,0.00%,0.00%,0.00%,23.50%,0.00%,0.00%,0.00%,0.00%,0.00%,50,$20.44 ,$2.04 ,220,https://www.reinders.com/products/m20-0-0/,,AMS,,,,,
0-0-62 Soluble (MOP) Potash - 55.1 LB BAG,0.00%,0.00%,62.00%,0.00%,0.00%,0.00%,0.00%,0.00%,0.00%,0.00%,0.00%,55,$33.11 ,,,https://www.reinders.com/products/544-6020/,,MOP,,,,,
EC Grow - 0-0-50 100% SOP Mini - 50 LB BAG,0.00%,0.00%,50.00%,0.00%,0.00%,17.00%,0.00%,0.00%,0.00%,0.00%,0.00%,50,$47.41 ,,90,https://www.reinders.com/products/ec-grow-0-0-50-100-sop-mini-50-lb-bag/,,SOP,,,,,
Mears - 0-0-50 Sulfate of Potash Greens Grade - SGN 85 - 50 LB BAG,0.00%,0.00%,50.00%,0.00%,0.00%,0.00%,0.00%,0.00%,0.00%,0.00%,0.00%,50,$41.04 ,,85,https://www.reinders.com/products/m0-0-50g/,,SOP,,,,,
Mears - 90% Sulfur - 50 LB BAG,0.00%,0.00%,0.00%,0.00%,0.00%,90.00%,0.00%,0.00%,0.00%,0.00%,0.00%,50,$24.76 ,,290,https://www.reinders.com/products/mears-90-sulfur-50-lb-bag/,,S,,,,,
EC Grow - 90% Sulfur - 50 LB BAG,0.00%,0.00%,0.00%,0.00%,0.00%,90.00%,0.00%,0.00%,0.00%,0.00%,0.00%,50,$29.15 ,,260/190,https://www.reinders.com/products/ec-grow-90-sulfur-50-lb-bag/,,S,,,,,
Mears - 0-0-21 Double SOP & Magnesium - 50 LB BAG,0.00%,0.00%,21.00%,0.00%,10.50%,21.00%,0.00%,0.00%,0.00%,0.00%,0.00%,50,$21.54 ,,220,https://www.reinders.com/products/m0-0-21/,,Double SOP and Magnesium,,,,,
EC Grow - Water Soluble Manganese Sulfate - 50 LB Bag,0.00%,0.00%,0.00%,0.00%,0.00%,19.00%,0.00%,0.00%,32.00%,0.00%,0.00%,50,$125.71 ,,22,https://www.reinders.com/products/ec-grow-water-soluble-manganese-sulfate-50-lb-bag/,,Manganese Sulfate Monohydrate,,,,,
E C Grow - 46-0-0 Mini Prilled Urea - SGN150 - 50 LB Bag,46.00%,0.00%,0.00%,0.00%,0.00%,0.00%,0.00%,0.00%,0.00%,0.00%,0.00%,50,$42.13 ,$1.83 ,150,https://www.reinders.com/products/e-c-grow-46-0-0-mini-prilled-urea-sgn150-50-lb-bag/,,Urea,,,,,
Jay-Mar - 0-52-34 Mono-Potassium Phosphate - 50 LB Bag,0.00%,52.00%,34.00%,0.00%,0.00%,0.00%,0.00%,0.00%,0.00%,0.00%,0.00%,50,$151.43 ,,,https://www.reinders.com/products/jay-mar-0-52-34-mono-potassium-phosphate-50-lb-bag/,,MKP,,,,,
Crown Technology - Ferrous Sulfate Heptahydrate - 50 LB BAG,7.00%,0.00%,0.00%,0.00%,0.00%,0.00%,14.00%,0.00%,0.00%,0.00%,0.00%,50,$16.49 ,$4.71 ,,https://www.reinders.com/products/450-1399/,,Iron Sulfate Heptahydrate,,,,,
American Plant Food Corporation - SoluGreen (21-0-0) Fertilizer - 50 LB BAG,21.00%,0.00%,0.00%,0.00%,0.00%,24.00%,0.00%,0.00%,0.00%,0.00%,0.00%,50,$22.00 ,$2.10 ,100,https://www.reinders.com/products/21-0-0-solugreen/,,,,,,,
MK Minerals - Gypsum Fairway Grade - 50 LB Bag,0.00%,0.00%,0.00%,20.00%,0.00%,14.00%,0.00%,0.00%,0.00%,0.00%,0.00%,50,$10.54 ,,274,https://www.reinders.com/products/4241/,,Caclium Sulfate Dihydrate 86%,,,,,
BRANDT Converge 18-3-6 50% Urea Trizone +cMicros 2.5gal Liquid,18.00%,3.00%,6.00%,,,,,,,,,320,$58.20 ,$1.01 ,,SiteOne,,,,,,,
ECO Natural Liquid Fertilizer 16-4-8 NPK Gallon,16.00%,4.00%,8.00%,,,,,,,,,128,$29.00 ,$1.42 ,,Amazon,,,,,,,
Simple Lawn Solutions Advanced 16-4-8 Balanced NPK liquid,16.00%,4.00%,8.00%,,,,,,,,,320,$129.00 ,$2.52 ,,Amazon,,,,,,,
"Vigoro 15,000 sq. ft. Lawn Fertilizer",29.00%,0.00%,4.00%,,,,,,,,,44,$33.00 ,$2.59 ,,Home Depot,,,,,,,
"Urban Farm Fertilizers Liquid Lawn Fertilizer, 1 gallon, 10-1-2",10.00%,1.00%,2.00%,,,,,,,,,128,$39.99 ,$3.12 ,,Amazon,,,,,,,
Lilly Miller Ultragreen 18 lbs. Phosphorus Free Lawn Food,28.00%,0.00%,3.00%,,,,,,,,,18,$17.00 ,$3.37 ,,Home Depot,,,,,,,
Scotts Step-3 32-0-4 Lawn Food,32.00%,0.00%,4.00%,,,,,,,,,38,$45.00 ,$3.75 ,,Ace Hardware,,,,,,,
Scotts Step-4 32-0-12 Lawn Fertilizer For Turfgrass,32.00%,0.00%,12.00%,,,,,,,,,40,$48.00 ,$3.75 ,,Ace Hardware,,,,,,,
JRK Turf Special Lawn Fertilizer,24.00%,0.00%,4.00%,,,,,,,,,50,$46.00 ,$3.83 ,,Gertens,,,,,,,
Pennington All Purpose Nitrogen Fertilizer 34-0-0,34.00%,0.00%,0.00%,,,,,,,,,40,$53.50 ,$3.93 ,,Do My Own,,,,,,,
GreenView Fairway Formula Fall Fertilizer,30.00%,0.00%,12.00%,,,,,,,,,50,$60.00 ,$4.00 ,,Home Depot,,,,,,,
Purely Organic 32 oz. Liquid Lawn Food,13.00%,0.00%,4.00%,,,,,,,,,32,$17.00 ,$4.09 ,,Home Depot,,,,,,,
GreenView Lawn Food,22.00%,0.00%,4.00%,,,,,,,,,48,$43.50 ,$4.12 ,,Home Depot,,,,,,,
GreenView Fall Lawn Food,22.00%,0.00%,10.00%,,,,,,,,,48,$44.00 ,$4.17 ,,Home Depot,,,,,,,
Nutrients Plus 16-2-3 45% CRN BIO AS SOP 1Fe Screamin Green,16.00%,2.00%,3.00%,,,,,,,,,50,$33.49 ,$4.19 ,,SiteOne,,,,,,,
Fertilome Weed Out Plus Lawn Fertilizer,25.00%,0.00%,4.00%,,,,,,,,,20,$22.00 ,$4.40 ,,Gertens,,,,,,,
Scotts Turf Builder Winterguard 32-0-10 Winterguard Lawn Food,32.00%,0.00%,10.00%,,,,,,,,,13,$18.00 ,$4.50 ,,Ace Hardware,,,,,,,
JRK Crabgrass Preventer and Lawn Fertilizer,22.00%,0.00%,6.00%,,,,,,,,,50,$50.00 ,$4.55 ,,Gertens,,,,,,,
JRK Weed and Feed,22.00%,0.00%,4.00%,,,,,,,,,50,$50.00 ,$4.55 ,,Gertens,,,,,,,
JRK Winterizer Lawn Fertilizer,20.00%,0.00%,12.00%,,,,,,,,,50,$46.00 ,$4.60 ,,Gertens,,,,,,,
Scotts Green Max 27-0-2 Lawn Food,27.00%,0.00%,2.00%,,,,,,,,,33,$42.00 ,$4.71 ,,Ace Hardware,,,,,,,
Arizona's Best Four Season's 20 lb. Lawn Feed Fertilizer,21.00%,7.00%,14.00%,,,,,,,,,20,$20.00 ,$4.76 ,,Home Depot,,,,,,,
Scotts Turf Builder Summerguard 20-0-8 Lawn Fertilizer,28.00%,0.00%,8.00%,,,,,,,,,18,$25.00 ,$4.96 ,,Ace Hardware,,,,,,,
ROOTS TurfVigor 9-3-6 Microbial Fertilizer cMicros 2.5 gal. Liquid,9.00%,3.00%,6.00%,,,,,,,,,320,$144.73 ,$5.03 ,,SiteOne,,,,,,,
Medina 32 oz. HastaGro 12-4-8 Liquid Lawn Food Plus,12.00%,4.00%,8.00%,,,,,,,,,32,$20.00 ,$5.21 ,,Home Depot,,,,,,,
Pennington 22-0-11 50% Uflexx 3% Fe Turf Fertilizer,22.00%,0.00%,11.00%,,,,,,,,,50,$58.00 ,$5.27 ,,Do My Own,,,,,,,
GreenView Fairway Formula Lawn Fertilizer,27.00%,0.00%,5.00%,,,,,,,,,33,$48.00 ,$5.39 ,,Home Depot,,,,,,,
CARBON-X improved with N-Ext RGS 24-0-4,24.00%,0.00%,4.00%,,,,,,,,,50,$65.00 ,$5.42 ,,LCN/GCI,,,,,,,
Ferti-Lome Lawn Food Plus Iron 24-0-4,24.00%,0.00%,4.00%,,,,,,,,,20,$26.00 ,$5.42 ,,Do My Own,,,,,,,
Milorganite,6.00%,4.00%,0.00%,,,,,,,,,36,$12.00 ,$5.56 ,,Gertens,,,,,,,
Scoots Turf Builder Summer Lawn Food Everydrop Technology,34.00%,0.00%,0.00%,,,,,,,,,28,$60.00 ,$6.30 ,,Home Depot,,,,,,,
Andersons Fertilizer 18-24-12 48% NS-54,18.00%,24.00%,12.00%,,,,,,,,,50,$60.50 ,$6.72 ,,Do My Own,,,,,,,
Fertilome Crabgrass Preventer Plus Lawn Food,20.00%,0.00%,3.00%,,,,,,,,,16,$22.00 ,$6.88 ,,Gertens,,,,,,,
Pennington 18-24-6 .25 Uflexx Turf Fertilizer,18.00%,24.00%,6.00%,,,,,,,,,50,$65.00 ,$7.22 ,,Do My Own,,,,,,,
Hi-Yield Lawn Fertilizer 15-0-10,15.00%,0.00%,10.00%,,,,,,,,,20,$22.00 ,$7.33 ,,Do My Own,,,,,,,
Purely Organic 25 lb. Lawn Food Fertilizer,10.00%,0.00%,2.00%,,,,,,,,,25,$18.50 ,$7.40 ,,Home Depot,,,,,,,
Scotts Lawn Pro Lawn Fertilizer,26.00%,0.00%,3.00%,,,,,,,,,15,$28.50 ,$7.56 ,,Do My Own,,,,,,,
Scotts Turf Builder Starter Food For New Grass,24.00%,25.00%,4.00%,,,,,,,,,42,$78.40 ,$7.78 ,,Do My Own,,,,,,,
Max Lawn Starter Fertilizer,12.00%,24.00%,6.00%,,,,,,,,,20,$20.00 ,$8.33 ,,Gertens,,,,,,,
GreenEdge 6-2-0 Slow Release Organic Fertilizer,6.00%,2.00%,0.00%,,,,,,,,,40,$22.00 ,$9.17 ,,Home Depot,,,,,,,
Ferti-Lome Classic Lawn Food 16-0-8 with Slow-Release N,16.00%,0.00%,8.00%,,,,,,,,,20,$30.00 ,$9.38 ,,Do My Own,,,,,,,
Ferti-Lome Crabgrass Preventer Plus Lawn Food,20.00%,0.00%,3.00%,,,,,,,,,16,$31.00 ,$9.69 ,,Do My Own,,,,,,,
Fertilome Winterizer,10.00%,0.00%,14.00%,,,,,,,,,20,$20.00 ,$10.00 ,,Gertens,,,,,,,
Turf Nurture 25 lbs. Natural Base Fertilizer,15.00%,0.00%,7.00%,,,,,,,,,25,$38.00 ,$10.13 ,,Home Depot,,,,,,,
Ferti-Lome Centipede Lawn Fertilizer 15-0-15,15.00%,0.00%,15.00%,,,,,,,,,20,$30.50 ,$10.17 ,,Do My Own,,,,,,,
GreenView Starter Fertilizer,10.00%,18.00%,10.00%,,,,,,,,,48,$50.00 ,$10.42 ,,Home Depot,,,,,,,
Pennington 14-14-14 .61 Nitroform SOP TR Pkg Turf Fertilizer,14.00%,14.00%,14.00%,,,,,,,,,50,$73.60 ,$10.51 ,,Do My Own,,,,,,,
Espoma Lawn Food 18-0-3,18.00%,0.00%,3.00%,,,,,,,,,20,$39.50 ,$10.97 ,,Do My Own,,,,,,,
Sustane Natural Spring Fertilizer (Corn),9.00%,0.00%,0.00%,,,,,,,,,30,$30.00 ,$11.11 ,,Gertens,,,,,,,
Sustane Early Summer Fertilizer,9.00%,0.00%,2.00%,,,,,,,,,30,$30.00 ,$11.11 ,,Gertens,,,,,,,
Ringer Lawn Restore,10.00%,0.00%,6.00%,,,,,,,,,25,$28.00 ,$11.20 ,,Ace Hardware,,,,,,,
Dr Earth Super Natural Lawn Terilizer,9.00%,0.00%,5.00%,,,,,,,,,18,$20.00 ,$12.35 ,,??,,,,,,,
Sustane Fall Fertilizer,8.00%,0.00%,4.00%,,,,,,,,,30,$30.00 ,$12.50 ,,Gertens,,,,,,,
Espoma All Season Lawn Food,9.00%,0.00%,0.00%,,,,,,,,,30,$40.00 ,$14.81 ,,Bachmans,,,,,,,
Vigoro 15 lb. Organic Lawn and Garden Food,7.00%,0.00%,3.00%,,,,,,,,,15,$17.00 ,$16.19 ,,Home Depot,,,,,,,
Espoma Spring Lawn Booster,8.00%,0.00%,0.00%,,,,,,,,,30,$40.00 ,$16.67 ,,Bachmans,,,,,,,
Espoma Summer Revitalizer,8.00%,0.00%,0.00%,,,,,,,,,30,$40.00 ,$16.67 ,,Bachmans,,,,,,,
Espoma Fall Winterizer,8.00%,0.00%,5.00%,,,,,,,,,30,$41.00 ,$17.08 ,,Gertens,,,,,,,
Arizona's Best Starter Fertilizer 6-20-20,6.00%,20.00%,20.00%,,,,,,,,,15,$16.00 ,$17.78 ,,Home Depot,,,,,,,
Sustane 8-2-4E All Natural or 8-2-4 Medium (Sls181) Cb,8.00%,2.00%,4.00%,,,,,,,,,50,$72.45 ,$18.11 ,,SiteOne,,,,,,,
The Andersons 7-1-2 Innova Organic Fertilizer 40lb,7.00%,1.00%,2.00%,,,,,,,,,40,$51.00 ,$18.21 ,,Amazon,,,,,,,
DR. EARTH 40 lb. Super Natural Lawn Fertilizer,9.00%,3.00%,5.00%,,,,,,,,,40,$66.00 ,$18.33 ,,Home Depot,,,,,,,
Espoma Weed Preventer,9.00%,0.00%,0.00%,,,,,,,,,25,$45.00 ,$20.00 ,,Bachmans,,,,,,,
Sustane Late Summer Fertilizer,4.00%,6.00%,4.00%,,,,,,,,,30,$30.00 ,$25.00 ,,Gertens,,,,,,,
Kellogg Garden Organics Organics Plus Lawn Food,4.00%,4.00%,4.00%,,,,,,,,,20,$20.00 ,$25.00 ,,Home Depot,,,,,,,
Fertilome New Lawn Starter Fertilizer,9.00%,13.00%,7.00%,,,,,,,,,4,$12.00 ,$33.33 ,,Gertens,,,,,,,
Monterey Dr. Iron 21 lb. Organic Lawn Pellets,0.00%,0.00%,0.00%,,,,,,,,,21,$33.50 ,,,Home Depot,,,,,,,
AquaSmart 30 lb. Lawn Saver,0.00%,0.00%,0.00%,,,,,,,,,30,$25.15 ,,,Home Depot,,,,,,,
"Scotts EveryDrop 10 lb. 5,000 sq. ft. Wetting Agent",0.00%,0.00%,0.00%,,,,,,,,,10,$13.15 ,,,Home Depot,,,,,,,
The Andersons Humic DG Granular Soil Conditioner (Humic Acid),0.00%,0.00%,0.00%,,,,,,,,,40,$70.00 ,,,Amazon,,,,,,,
"Southern Ag Chelated Liquid Iron, 128oz - 1 Gallon",0.00%,0.00%,0.00%,,,,,,,,,128,$29.00 ,,,Amazon,,,,,,,
GreenView 10-10-10,10.00%,10.00%,10.00%,0.00%,0.00%,5.00%,1.00%,0.00%,0.00%,0.00%,0.00%,33,$33.99 ,$10.30 ,,https://www.acehardware.com/departments/lawn-and-garden/gardening/flower-and-plant-fertilizer/75284,,"Ammonium Pohsphate, Ammonium Sulfate, Muriate of Potash, Ferric Oxide, Ferrous Sulfate",,10,,,
Twin City Seed 12-12-12,12.00%,12.00%,12.00%,,,,,,,,,50,$35.00 ,$5.83 ,,Home Depot,,,,,,,
Bandini50 lb. Pro Choice 15-15-15 Fertilizer,15.00%,15.00%,15.00%,,,,,,,,,50,$45.97 ,$6.13 ,,Home Depot,,,,,,,
Citric Acid,0.00%,0.00%,0.00%,0.00%,0.00%,0.00%,0.00%,0.00%,0.00%,0.00%,0.00%,10,$37.99 ,,,https://www.amazon.com/dp/B00GNBHPAS?ref_=cm_sw_r_apin_dp_E63658RYZ6BWF5V01ZDX&th=1,,,,,,,
Armada 50 WDG,0.00%,0.00%,0.00%,0.00%,0.00%,0.00%,0.00%,0.00%,0.00%,0.00%,0.00%,2,$110.00 ,,,https://www.ebay.com/itm/334280677142?hash=item4dd4ae5716:g:fWoAAOSwQ8dguRBs,,,,,,,
Scotts GrubEx Season Long Grub Killer,0.00%,0.00%,0.00%,0.00%,0.00%,0.00%,0.00%,0.00%,0.00%,0.00%,0.00%,29,$56.99 ,,,https://www.amazon.com/gp/product/B0050DV4ZW/ref=ppx_yo_dt_b_asin_title_o00_s00?ie=UTF8&th=1,https://www.scotts.com/sites/g/files/oydgjc106/files/asset_images/products/CFLS/SC-GrubExSeasonLongGrubKiller-2015-CFL.pdf,,,,,,
Ammonium Sulfate - Coop,21.00%,0.00%,0.00%,0.00%,0.00%,24.00%,0.00%,0.00%,0.00%,0.00%,0.00%,50,$31.00 ,$2.95 ,,,,,,,,,
T-Nex PGR,0.00%,0.00%,0.00%,0.00%,0.00%,0.00%,0.00%,0.00%,0.00%,0.00%,0.00%,128,$135.00 ,,,,,,,,,,
GreenORR SP,5.00%,0.00%,0.00%,0.00%,0.00%,0.00%,11.00%,0.00%,0.00%,0.00%,0.00%,2,$35.00 ,$350.00 ,,https://ryanknorrlawncare.com/product/greenorr-sp/,,"Soy Protein Hydrolysate, Iron Biochelate",,,,,
Lawn Supply AMS,21.00%,0.00%,0.00%,0.00%,0.00%,22.00%,0.00%,0.00%,0.00%,0.00%,0.00%,20,$39.99 ,$9.52 ,,https://ryanknorrlawncare.com/product/ammonium-sulfate/,,,,,,,
Lawn Supply EquilizOrr,18.00%,18.00%,18.00%,0.00%,0.00%,0.00%,0.00%,0.50%,0.1,0.03,0.1,10,$39.99 ,$22.22 ,,https://ryanknorrlawncare.com/product/equalizorr/,,,,,,,
Yard Mastery Starter Fertilizer,12.00%,12.00%,12.00%,0.00%,0.00%,0.00%,3.00%,0.50%,0.06,0.06,0.05,45,$64.99 ,$12.04 ,,,,,,,,,
Menards Starter Fertilizer,15.00%,23.00%,10.00%,0.00%,0.00%,0.00%,1.00%,0.00%,0.00%,0.00%,0.00%,17,$15.09 ,$5.92 ,,,,,,,,,
Protene Fert + Iron,6.00%,0.00%,0.00%,0.00%,2.00%,5.00%,14.00%,0.00%,0.50%,0.00%,0.10%,40,$64.95 ,$27.06 ,,,,,,,,,
GreenORR G,17.00%,0.00%,1.00%,0.00%,0.00%,0.00%,4.00%,0.00%,0.00%,0.00%,0.00%,40,$78.99 ,$11.62 ,75,,,,,,,,
Elemental Sulfur,0.00%,0.00%,0.00%,0.00%,0.00%,90.00%,0.00%,0.00%,0.00%,0.00%,0.00%,50,$35.00 ,,,,,,,,,,
Prodiamine,0.00%,0.00%,0.00%,0.00%,0.00%,0.00%,0.00%,0.00%,0.00%,0.00%,0.00%,5,$26.49 ,,,,,,,,,,
RGS,0.00%,0.00%,1.00%,0.00%,0.00%,0.00%,0.00%,0.00%,0.00%,0.00%,0.00%,128,$36.99 ,,,,,,,,,,
Air8,0.00%,0.00%,5.00%,0.00%,0.00%,0.00%,0.00%,0.00%,0.00%,0.00%,0.00%,128,$34.99 ,,,,,,,,,,
Humic12,0.00%,0.00%,1.00%,0.00%,0.00%,0.00%,0.00%,0.00%,0.00%,0.00%,0.00%,128,$34.99 ,,,,,,,,,,
Azoxystrobin,0.00%,0.00%,0.00%,0.00%,0.00%,0.00%,0.00%,0.00%,0.00%,0.00%,0.00%,16,$120.00 ,,,,,,,,,,
Propiconazole,0.00%,0.00%,0.00%,0.00%,0.00%,0.00%,0.00%,0.00%,0.00%,0.00%,0.00%,32,$46.30 ,,,,,,,,,,
Bifen IT,0.00%,0.00%,0.00%,0.00%,0.00%,0.00%,0.00%,0.00%,0.00%,0.00%,0.00%,32,$41.50 ,,,,,,,,,,
Hydretain Liquid,0.00%,0.00%,0.00%,0.00%,0.00%,0.00%,0.00%,0.00%,0.00%,0.00%,0.00%,128,$69.99 ,,,,,,,,,,
Yard Mastery SOP,0.00%,0.00%,48.00%,0.00%,0.00%,0.00%,0.00%,0.00%,0.00%,0.00%,0.00%,24,$64.99 ,,,,,,,,,,
Sunshine Harvest SOP,0.00%,0.00%,53.00%,0.00%,0.00%,0.00%,0.00%,0.00%,0.00%,0.00%,0.00%,40,$49.17 ,,,https://www.homedepot.com/p/40-lbs-Box-SOP-Fertilier-GSOP-40/316885116,,,,,,,
Sunshine Harvest DAP,18.00%,26.00%,0.00%,0.00%,0.00%,0.00%,0.00%,0.00%,0.00%,0.00%,0.00%,40,$68.98 ,$9.58 ,,https://www.homedepot.com/p/40-lbs-Box-DAP-Fertilizer-GDAP-40/316885118,,,,,,,
Greenview 12-12-12,12.00%,12.00%,12.00%,0.00%,0.00%,5.00%,1.00%,0.00%,0.00%,0.00%,0.00%,33,$33.99 ,$8.58 ,,,,,,,,,
N-Ext GreeneEffect,7.00%,0.00%,0.00%,0.00%,0.00%,3.00%,6.00%,0.00%,0.00%,0.00%,0.00%,256,$69.99 ,$3.91 ,,,,,,,,,
Feature 6-0-0,6.00%,0.00%,0.00%,0.00%,1.00%,8.00%,10.00%,0.00%,2.50%,0.00%,0.00%,3,$22.50 ,$125.00 ,,,,,,,,,
Scotts Starter Fert with Mesotrione,21.00%,22.00%,4.00%,0.00%,0.00%,1.00%,0.50%,0.00%,0.00%,0.00%,0.00%,17,$49.97 ,$13.83 ,,,,,,,,,
Scotts DiseaseEx,0.00%,0.00%,0.00%,0.00%,0.00%,0.00%,0.00%,0.00%,0.00%,0.00%,0.00%,10,$23.97 ,,,,,,,,,,